0.5,0.2493
600000000,900000000,0.17693663,0.501908,0.09416009999999998,0.31091399999999997
900000000,1200000000,0.11669397,0.501908,0.0887462,0.31091399999999997
1200000000,1500000000,0.12739704000000002,0.501908,0.08822109999999998,0.31091399999999997
1500000000,1800000000,0.14972871999999998,0.501908,0.09183419999999999,0.31091399999999997
1800000000,2100000000,0.13168013,0.501908,0.0882292,0.31091399999999997
2100000000,2400000000,0.12020419,0.501908,0.08810219999999999,0.31091399999999997
2190000000,2214000000,0.0,0.02499,0.0,0.02545
2214000000,2400000000,0.1912,0.02499,0.009170999999999999,0.02545
2400000000,2700000000,0.23434034999999998,0.526898,0.1009861,0.336364
2700000000,3000000000,0.16250819,0.526898,0.09830119999999999,0.336364
2735000000,2751000000,0.0003891,0.057698422619999995,0.0,0.010015163419999999
2751000000,2752000000,0.0009041,0.0625,0.006256,0.0318
2871000000,2880000000,0.0015869999999999999,0.021423663216666663,0.0,0.021818016361111112
2880000000,2882000000,0.0,0.0,0.0,0.0
3000000000,3300000000,0.07423284000000001,0.43317800000000006,0.08397719999999999,0.29898399999999997
3300000000,3600000000,0.08195056,0.43317800000000006,0.08510519999999999,0.29898399999999997
3422000000,3437000000,0.0,0.02499,0.0,0.03339
3437000000,3600000000,0.016390000000000002,0.02499,0.0019149999999999998,0.03339
3600000000,3900000000,0.13573216000000002,0.4581680000000001,0.10638799999999998,0.33237399999999995
3900000000,4200000000,0.13348774000000002,0.4581680000000001,0.1058142,0.33237399999999995
3994000000,4003000000,0.0008173,0.019637725099999996,0.0,0.0262386411
4003000000,4004000000,0.0,0.0,0.0,0.0
4200000000,4500000000,0.06531445000000001,0.43317800000000006,0.0842392,0.29898399999999997
4237000000,4252000000,0.0,0.02499,0.0,0.03339
4252000000,4381000000,0.007126,0.02499,0.002457,0.03339
4381000000,4395000000,0.000742,0.019644583665,0.0,0.026247805065
4395000000,4396000000,0.0,0.0,0.0,0.0
4500000000,4800000000,0.05764368999999999,0.43317800000000006,0.08583020000000001,0.29898399999999997
4800000000,5100000000,0.030575790000000002,0.43317800000000006,0.08040019999999999,0.29898399999999997
5100000000,5400000000,0.03125344,0.43317800000000006,0.07784630000000001,0.29898399999999997
5400000000,5700000000,0.06511178,0.43317800000000006,0.0789543,0.29898399999999997
5700000000,6000000000,0.03575927,0.43317800000000006,0.08030730000000001,0.29898399999999997
6000000000,6300000000,0.056904899999999994,0.43317800000000006,0.07929530000000001,0.29898399999999997
6300000000,6600000000,0.07859637,0.43317800000000006,0.08159129999999999,0.29898399999999997
6600000000,6900000000,0.09974297,0.43317800000000006,0.0823252,0.29898399999999997
6616000000,6900000000,0.01721,0.0625,0.009109,0.0318
6900000000,7200000000,0.0939498,0.43317800000000006,0.08576430000000002,0.29898399999999997
7183000000,7200000000,0.006142,0.0625,0.007347,0.0318
7200000000,7500000000,0.08139770999999998,0.43317800000000006,0.0846451,0.29898399999999997
7500000000,7800000000,0.12290271000000001,0.43317800000000006,0.08677829999999999,0.29898399999999997
7800000000,8100000000,0.07847812,0.43317800000000006,0.08810819999999998,0.29898399999999997
8100000000,8400000000,0.07005259,0.43317800000000006,0.08561220000000001,0.29898399999999997
8181000000,8200000000,0.0003614,0.05631876644736842,0.0,0.02865498836842105
8191000000,8209000000,0.0,0.02499,0.0,0.03339
8200000000,8202000000,0.0,0.0,0.0,0.0
8209000000,8400000000,0.1053,0.02499,0.0132,0.03339
8400000000,8700000000,0.12071035000000001,0.3956680000000001,0.0981851,0.300574
8700000000,9000000000,0.09291905,0.3956680000000001,0.09505930000000001,0.300574
8863000000,8932000000,0.0,0.03125,0.0,0.007767
8880000000,8902000000,0.000433,0.022715858884090907,0.0,0.030351441702272733
8902000000,8903000000,0.0,0.0,0.0,0.0
8932000000,8962000000,0.01178,0.03125,0.003082,0.007767
8962000000,8979000000,0.0001669,0.020778051470588234,0.0,0.005164260024705882
8979000000,8980000000,0.0,0.0,0.0,0.0
9000000000,9300000000,0.0425022,0.37067800000000006,0.0773303,0.267184
9300000000,9600000000,0.038396120000000006,0.37067800000000006,0.0733274,0.267184
9600000000,9900000000,0.022026070000000002,0.37067800000000006,0.07117219999999999,0.267184
9900000000,10200000000,0.02773633,0.37067800000000006,0.07273629999999999,0.267184
10199000000,10200000000,0.0,0.0625,0.0,0.02386
10200000000,10500000000,0.03895938,0.43317800000000006,0.0728992,0.29104399999999997
10229000000,10299000000,0.0,0.0625,0.0,0.02386
10268000000,10500000000,0.03259,0.0625,0.005608,0.02386
10299000000,10381000000,0.007309,0.0625,0.004173,0.02386
10381000000,10398000000,0.0001354,0.053247459558823526,0.0,0.02032775016117647
10398000000,10399000000,0.0,0.0,0.0,0.0
10500000000,10800000000,0.10029154,0.43317800000000006,0.08042039999999999,0.29104399999999997
10800000000,11100000000,0.12833657999999998,0.43317800000000006,0.08435229999999999,0.29104399999999997
11100000000,11400000000,0.11444898,0.43317800000000006,0.08566030000000001,0.29104399999999997
11400000000,11700000000,0.09803093,0.43317800000000006,0.0877012,0.29104399999999997
11417000000,11456000000,0.0,0.006798,0.0,0.002487
11456000000,11691000000,0.007889,0.006798,0.0012699999999999999,0.002487
11691000000,11700000000,0.0005608,0.006798,0.0,0.002487
11700000000,12000000000,0.1046847,0.43812405711600005,0.0911603,0.29285347985399995
11706000000,11707000000,0.0,0.0,0.0,0.0
12000000000,12300000000,0.13105455,0.43317800000000006,0.09284139999999999,0.29104399999999997
12130000000,12300000000,0.0,0.06873,0.0,0.01193
12300000000,12600000000,0.12766337,0.42434525227872094,0.0935918,0.26825944186941864
12386000000,12388000000,0.0026533999999999998,0.06531984927500001,0.0022953,0.038702415275
12388000000,12410000000,0.0010472,0.04173402050227273,0.0,0.028730906287727273
12410000000,12411000000,0.0,0.0,0.0,0.0
12423000000,12522000000,0.0,0.025,0.0,0.04755
12522000000,12600000000,0.007892,0.025,0.0057610000000000005,0.04755
12600000000,12900000000,0.12251458000000001,0.34252800000000005,0.1154687,0.26990400000000003
12900000000,13200000000,0.09417919999999998,0.34252800000000005,0.1207257,0.26990400000000003
13200000000,13500000000,0.09309631,0.34252800000000005,0.1195877,0.26990400000000003
13500000000,13800000000,0.09090134000000001,0.34252800000000005,0.11940069999999998,0.26990400000000003
13800000000,14100000000,0.09180064000000002,0.34252800000000005,0.1194757,0.26990400000000003
14100000000,14400000000,0.09059840000000002,0.34252800000000005,0.11900569999999999,0.26990400000000003
14400000000,14700000000,0.08864276,0.34252800000000005,0.1190654,0.26990400000000003
14700000000,15000000000,0.08831323999999999,0.34252800000000005,0.11913259999999999,0.26990400000000003
15000000000,15300000000,0.08997058999999999,0.34252800000000005,0.1190387,0.26990400000000003
15300000000,15600000000,0.09024591,0.34252800000000005,0.1190747,0.26990400000000003
15600000000,15900000000,0.11828810000000002,0.34252800000000005,0.1229746,0.26990400000000003
15900000000,16200000000,0.11243570000000003,0.34252800000000005,0.12410259999999998,0.26990400000000003
16200000000,16500000000,0.1260345,0.34252800000000005,0.12392869999999999,0.26990400000000003
16500000000,16800000000,0.11452426000000002,0.34252800000000005,0.1233237,0.26990400000000003
16800000000,17100000000,0.11270570000000002,0.34252800000000005,0.1224787,0.26990400000000003
17100000000,17400000000,0.09720746000000001,0.34252800000000005,0.12098369999999999,0.26990400000000003
17400000000,17700000000,0.09161580999999999,0.34252800000000005,0.11834569999999998,0.26990400000000003
17700000000,18000000000,0.10051134000000002,0.34252800000000005,0.12014069999999999,0.26990400000000003
18000000000,18300000000,0.09321015000000002,0.34252800000000005,0.1168956,0.26990400000000003
18300000000,18600000000,0.09386749999999999,0.34252800000000005,0.11598269999999998,0.26990400000000003
18600000000,18900000000,0.09459738,0.3350911683884298,0.1156527,0.26706491516396696
18721000000,18723000000,0.03027,0.04065,0.013819999999999999,0.02069
18723000000,18900000000,0.013672,0.04065,0.0023690000000000004,0.02069
18736000000,18738000000,0.0,0.0,0.0,0.0
18900000000,19200000000,0.04823788999999999,0.320678,0.10372870000000001,0.266734
19200000000,19500000000,0.043282600000000004,0.320678,0.10263370000000001,0.266734
19292000000,19399000000,0.0,0.056270000000000014,0.0,0.0107
19399000000,19500000000,0.03485,0.05627000000000002,0.005005,0.0107
19500000000,19800000000,0.10199306000000001,0.37694800000000006,0.1121056,0.27743399999999996
19800000000,20100000000,0.10889734,0.37694800000000006,0.11538870000000001,0.27743399999999996
20100000000,20400000000,0.13402596000000003,0.37694800000000006,0.11919369999999999,0.27743399999999996
20400000000,20700000000,0.14084663,0.37694800000000006,0.1203965,0.27743399999999996
20700000000,21000000000,0.11742715000000001,0.37694800000000006,0.1210005,0.27743399999999996
21000000000,21300000000,0.15854007,0.37694800000000006,0.1224926,0.27743399999999996
21300000000,21600000000,0.14244934,0.37694800000000006,0.1292877,0.27743399999999996
21600000000,21900000000,0.13132790000000003,0.37694800000000006,0.13263060000000002,0.27743399999999996
21844000000,21857000000,7.534e-05,0.028415759615384617,3.624e-05,0.025415055399999997
21857000000,21859000000,0.0,0.02652209375,0.0,0.02372136065
21900000000,22200000000,0.07273078999999999,0.34569800000000006,0.10571159999999999,0.24948399999999998
22200000000,22500000000,0.07561468999999998,0.34569800000000006,0.1057087,0.24948399999999998
22374000000,22391000000,0.0,0.0625,0.0,0.011498
22391000000,22500000000,0.047745,0.0625,0.0103376,0.011498
22500000000,22800000000,0.13630457999999998,0.40819800000000006,0.11837299999999999,0.260982
22620000000,22635000000,0.00042530000000000004,0.027117435416666665,0.0,0.0032376048492666664
22635000000,22637000000,0.0,0.0,0.0,0.0
22641000000,22667000000,4.578e-05,0.028892236778846152,0.0,0.007180992097961538
22667000000,22668000000,0.0,0.0,0.0,0.0
22800000000,23100000000,0.07034918,0.34569800000000006,0.1056917,0.24948399999999998
23100000000,23400000000,0.06769373,0.34569800000000006,0.10574069999999999,0.24948399999999998
23400000000,23700000000,0.06944233999999999,0.34569800000000006,0.1057057,0.24948399999999998
23700000000,24000000000,0.06876283999999999,0.34569800000000006,0.1053667,0.24948399999999998
24000000000,24300000000,0.08146009,0.34569800000000006,0.1055077,0.24948399999999998
24300000000,24600000000,0.06427437999999999,0.34569800000000006,0.1053497,0.24948399999999998
24600000000,24900000000,0.07674579,0.34569800000000006,0.1057307,0.24948399999999998
24900000000,25200000000,0.07417393,0.34569800000000006,0.10673170000000001,0.24948399999999998
25200000000,25500000000,0.10228692000000003,0.34569800000000006,0.11315240000000001,0.24948399999999998
25500000000,25800000000,0.10257589000000002,0.34569800000000006,0.11385050000000001,0.24948399999999998
25800000000,26100000000,0.10183015999999999,0.34569800000000006,0.11345659999999999,0.24948399999999998
26100000000,26400000000,0.09978514999999998,0.34569800000000006,0.1139677,0.24948399999999998
26400000000,26700000000,0.07974154999999998,0.34569800000000006,0.1139607,0.24948399999999998
26700000000,27000000000,0.07144788999999999,0.34569800000000006,0.1110586,0.24948399999999998
27000000000,27300000000,0.07469166,0.34569800000000006,0.1095637,0.24948399999999998
27300000000,27600000000,0.08404423999999999,0.34569800000000006,0.1091387,0.24948399999999998
27578000000,27598000000,0.001486,0.050863727515500015,2.861e-05,0.009671972354999999
27598000000,27599000000,0.0,0.056270000000000014,0.0,0.0107
27599000000,27600000000,0.0,0.056270000000000014,0.0,0.0107
27600000000,27900000000,0.01497687,0.289428,0.0992777,0.238784
27613000000,27900000000,0.006149,0.056270000000000014,0.002468,0.0107
27900000000,28200000000,0.04562758,0.34569800000000006,0.1024037,0.24948399999999998
28200000000,28500000000,0.08478077999999999,0.34569800000000006,0.104537,0.24948399999999998
28500000000,28800000000,0.07018705000000001,0.34569800000000006,0.10932510000000001,0.24948399999999998
28800000000,29100000000,0.07365004,0.34569800000000006,0.10931910000000002,0.24948399999999998
29100000000,29400000000,0.056740679999999995,0.34569800000000006,0.10638810000000001,0.24948399999999998
29400000000,29700000000,0.05945444,0.34569800000000006,0.10611110000000001,0.24948399999999998
29700000000,30000000000,0.0462183,0.34569800000000006,0.1060581,0.24948399999999998
30000000000,30300000000,0.026203550000000003,0.34569800000000006,0.10170710000000001,0.24948399999999998
30022000000,30300000000,0.0,0.06873,0.0,0.01193
30300000000,30600000000,0.06185264,0.4144280000000001,0.10253410000000002,0.261414
30600000000,30900000000,0.07873495,0.4144280000000001,0.10508109999999998,0.261414
30735000000,30900000000,0.03723,0.06873,0.008911,0.01193
30900000000,31200000000,0.12222733000000001,0.4144280000000001,0.1138661,0.261414
31200000000,31500000000,0.13030268,0.4144280000000001,0.11182469999999999,0.261414
31500000000,31800000000,0.12228537999999999,0.4144280000000001,0.1117069,0.261414
31800000000,32100000000,0.13097844,0.4144280000000001,0.111689,0.261414
32100000000,32400000000,0.08202226,0.4144280000000001,0.10848099999999997,0.261414
32400000000,32700000000,0.06825192,0.4144280000000001,0.106258,0.261414
32700000000,33000000000,0.12471742999999999,0.4144280000000001,0.11061889999999999,0.261414
32966000000,32968000000,0.0003891,0.056270000000000014,0.001074,0.0107
32968000000,32981000000,6.008e-05,0.04558081661769232,0.0,0.008667402484615384
32981000000,32983000000,0.0,0.0,0.0,0.0
33000000000,33300000000,0.14334139,0.35815800000000003,0.10999090000000002,0.250714
33300000000,33600000000,0.11280223999999998,0.35815800000000003,0.109451,0.250714
33600000000,33900000000,0.14782117,0.35815800000000003,0.10931289999999999,0.250714
33711000000,33733000000,0.04498,0.06873,0.006012,0.01193
33822000000,33857000000,0.0,0.009369,0.0,0.01244
33857000000,33900000000,0.002792,0.009369,0.0011480000000000001,0.01244
33900000000,34200000000,0.0428051,0.29879700000000003,0.1036759,0.251224
34033000000,34047000000,0.0003948,0.007055132716285714,0.0,0.009367686091428571
34047000000,34123000000,0.0,0.0625,0.0,0.009796
34054000000,34200000000,0.0,0.06873,0.0,0.01193
34123000000,34200000000,0.0055850000000000006,0.0625,0.0032770000000000004,0.009796
34200000000,34500000000,0.06939940999999998,0.4206580000000001,0.10908090000000001,0.26051
34394000000,34500000000,0.0005836,0.0625,0.006843999999999999,0.009796
34500000000,34800000000,0.024769649999999997,0.4206580000000001,0.109036,0.26051
34570000000,34800000000,0.04401,0.06873,0.009826999999999999,0.01193
34800000000,35100000000,0.08738255,0.4206580000000001,0.11879300000000001,0.26051
34858000000,34862000000,0.029229,0.10938,0.009934,0.032619999999999996
34860000000,34874000000,0.0006083999999999999,0.061246878880714284,0.0,0.010631096537857144
34862000000,34874000000,0.0003881,0.03545128505,0.0,0.018043962796666667
34874000000,34876000000,0.04742,0.125,0.0039829999999999996,0.022629999999999997
35100000000,35400000000,0.06734066000000001,0.3675480000000001,0.110301,0.23859
35400000000,35700000000,0.06649436,0.3675480000000001,0.10858199999999998,0.23859
35700000000,36000000000,0.04958531,0.3675480000000001,0.10927700000000001,0.23859
36000000000,36300000000,0.02298806,0.3675480000000001,0.1074397,0.23859
36300000000,36600000000,0.06500710999999999,0.3675480000000001,0.1086408,0.23859
36600000000,36900000000,0.08474148000000001,0.3675480000000001,0.11216489999999998,0.23859
36900000000,37200000000,0.04132266,0.3675480000000001,0.11241799999999999,0.23859
37200000000,37500000000,0.04826792000000001,0.3675480000000001,0.112399,0.23859
37500000000,37800000000,0.03824115,0.3675480000000001,0.11213389999999998,0.23859
37800000000,38100000000,0.07551233,0.3862880000000001,0.112812,0.242477
38100000000,38400000000,0.07135593,0.3862880000000001,0.11094799999999999,0.242477
38356000000,38357000000,0.0,0.025,0.03125,0.04755
38357000000,38382000000,0.0014401,0.020897501,0.0,0.0397470471564
38382000000,38384000000,0.0,0.04999,0.0,0.03979
38384000000,38400000000,0.0,0.0,0.0,0.0
38400000000,38700000000,0.07135477,0.41127800000000003,0.078703,0.23471699999999998
38566000000,38700000000,0.0239,0.0125,0.01349,0.0159
38640000000,38700000000,0.04272,0.056270000000000014,0.004684000000000001,0.0107
38654000000,38700000000,0.050539999999999995,0.04999,0.008423,0.03979
38700000000,39000000000,0.12872334,0.423778,0.1113928,0.250617
38866000000,38899000000,0.0,0.04049585829909091,0.0,0.004944723325818182
38899000000,38901000000,0.0,0.0,0.0,0.0
39000000000,39300000000,0.14004986,0.423778,0.1066175,0.250617
39300000000,39600000000,0.16514327,0.423778,0.10695670000000002,0.250617
39600000000,39900000000,0.12828273,0.423778,0.10619940000000001,0.250617
39900000000,40200000000,0.10640207000000002,0.423778,0.10655960000000002,0.250617
40200000000,40500000000,0.039580630000000006,0.423778,0.1043326,0.250617
40500000000,40800000000,0.048240780000000004,0.423778,0.10221569999999999,0.250617
40800000000,41100000000,0.06912128,0.423778,0.0992027,0.250617
41100000000,41400000000,0.06595748,0.423778,0.0973167,0.250617
41245000000,41369000000,0.0,0.09998,0.0,0.02069
41369000000,41372000000,0.0028190000000000003,0.09998,0.00022789999999999998,0.02069
41372000000,41387000000,0.0005198,0.08497349523466667,0.0,0.017584533070666666
41387000000,41388000000,0.0,0.0,0.0,0.0
41388000000,41400000000,0.0,0.0,0.0,0.0
41400000000,41700000000,0.07532992,0.423778,0.0976278,0.250617
41404000000,41700000000,0.0173,0.0125,0.008621,0.0159
41700000000,42000000000,0.06768922,0.43627800000000005,0.09657559999999998,0.266517
41787000000,42000000000,0.0,0.06873,0.0,0.01193
42000000000,42300000000,0.06801228000000001,0.5050080000000001,0.0958819,0.278447
42217000000,42261000000,0.0,0.006248,0.0,0.01117
42261000000,42300000000,0.015319999999999999,0.006248,0.003517,0.01117
42293000000,42300000000,0.01804,0.06873,0.001085,0.01193
42300000000,42600000000,0.08629200999999999,0.5112560000000002,0.10763630000000002,0.289617
42385000000,42399000000,0.0003548,0.005245992620000001,0.0,0.009378639175
42399000000,42400000000,0.0,0.0,0.0,0.0
42600000000,42900000000,0.07624571,0.5050080000000001,0.09854560000000001,0.278447
42900000000,43200000000,0.03941675,0.5050080000000001,0.0899718,0.278447
43200000000,43500000000,0.07104475,0.5050080000000001,0.08245469999999999,0.278447
43500000000,43800000000,0.06853116000000001,0.5050080000000001,0.0799657,0.278447
43800000000,44100000000,0.09748816999999999,0.5050080000000001,0.0808796,0.278447
44100000000,44400000000,0.11176571000000002,0.5050080000000001,0.0821768,0.278447
44400000000,44700000000,0.11607029,0.5050080000000001,0.0815176,0.278447
44434000000,44497000000,0.0,0.06873,0.0,0.008453
44497000000,44661000000,0.004875,0.06873,0.001259,0.008453
44661000000,44676000000,0.0001421,0.041221009944,0.0,0.0050697104184
44676000000,44700000000,0.02576,0.06873,0.0038950000000000005,0.01193
44700000000,45000000000,0.15386738000000003,0.5737380000000001,0.09186369999999999,0.290377
44841000000,45000000000,0.03162,0.0125,0.014180000000000002,0.0159
45000000000,45300000000,0.14780007999999997,0.586238,0.0895452,0.30627699999999997
45300000000,45600000000,0.11641907,0.586238,0.08788889999999999,0.30627699999999997
45600000000,45900000000,0.23237239999999998,0.586238,0.08468780000000001,0.30627699999999997
45900000000,46200000000,0.23196204,0.586238,0.0840648,0.30627699999999997
46200000000,46500000000,0.22654627000000002,0.586238,0.0856399,0.30627699999999997
46500000000,46800000000,0.24406538,0.586238,0.09128499999999999,0.30627699999999997
46800000000,47100000000,0.20896439,0.586238,0.0912818,0.30627699999999997
47100000000,47400000000,0.21279337000000004,0.586238,0.08682400000000001,0.30627699999999997
47296000000,47305000000,0.004822,0.04999,0.002193,0.03979
47305000000,47317000000,9.823e-05,0.037165132153333336,0.0,0.02958192855333333
47317000000,47318000000,0.0,0.0,0.0,0.0
47400000000,47700000000,0.19566795,0.5362480000000001,0.07345099999999999,0.266487
47700000000,48000000000,0.19564721,0.5362480000000001,0.07312919999999999,0.266487
47862000000,47891000000,0.0791,0.0125,0.01183,0.0159
47891000000,47895000000,0.079,0.14995999999999998,0.029232999999999995,0.039760000000000004
47893000000,47914000000,0.0007228,0.11605557974285714,0.0,0.020144668504761903
47895000000,47914000000,0.0003214,0.010348691447368422,0.0,0.013163535521052632
47914000000,47917000000,0.0,0.125,0.0,0.0636
47972000000,48000000000,0.0419,0.125,0.003721,0.0636
48000000000,48300000000,0.11004151999999999,0.523788,0.0765332,0.30622699999999997
48205000000,48300000000,0.004082,0.0625,0.007744,0.0318
48300000000,48600000000,0.03313206,0.523788,0.0718401,0.30622699999999997
48458000000,48497000000,0.0,0.03125,0.0,0.007767
48467000000,48524000000,0.01285,0.0625,0.004547,0.0318
48497000000,48600000000,0.003105,0.03125,0.003387,0.007767
48507000000,48527000000,0.00035,0.0520594125,0.0,0.02648782908
48524000000,48546000000,0.00011159999999999999,0.05464599431818182,0.0,0.02780388190909091
48527000000,48528000000,0.0,0.0,0.0,0.0
48546000000,48600000000,0.0,0.056270000000000014,0.0,0.0202
48556000000,48600000000,0.0,0.05627000000000001,0.0,0.0202
48600000000,48900000000,0.01024445,0.4800780000000001,0.0388802,0.23995399999999997
48672000000,48689000000,0.00346,0.11254000000000003,0.0012798,0.0404
48675000000,48689000000,0.0001698,0.024587071428571427,0.0,0.006110969081142857
48689000000,48690000000,0.0,0.11254000000000003,0.0018744999999999999,0.0404
48690000000,48712000000,0.0014277,0.09243861163000003,0.0,0.033183933799999996
48712000000,48714000000,0.001663,0.09998,0.00035569999999999997,0.02069
48717000000,48734000000,0.0006409,0.07734405750588236,0.0,0.016005686635294118
48734000000,48735000000,0.0,0.0,0.0,0.0
48752000000,48874000000,0.04303,0.13123,0.009170999999999999,0.05154
48874000000,48900000000,0.04364,0.0625,0.002979,0.03961
48900000000,49200000000,0.12184940999999999,0.46751800000000004,0.052467299999999994,0.243327
49200000000,49500000000,0.16814457,0.530018,0.0738382,0.29416699999999996
49500000000,49800000000,0.16974262,0.530018,0.0749122,0.29416699999999996
49800000000,50100000000,0.19631636999999996,0.530018,0.0796233,0.29416699999999996
49815000000,49911000000,0.0,0.006248,0.0,0.003666
49911000000,50100000000,0.001623,0.006248,0.001438,0.003666
50100000000,50400000000,0.17572573,0.536266,0.0821781,0.29783299999999996
50400000000,50700000000,0.14805916000000002,0.536266,0.08149119999999999,0.29783299999999996
50532000000,50534000000,0.03363,0.0625,0.008865000000000001,0.03961
50534000000,50558000000,0.0005769999999999999,0.05019875,0.0,0.0318139598
50558000000,50560000000,0.0,0.03748,0.0,0.03979
50628000000,50700000000,0.04547,0.03748,0.006653,0.03979
50685000000,50695000000,0.00038239999999999997,0.0051176980624000005,2.6700000000000002e-05,0.0030027978708
50695000000,50696000000,0.0,0.0,0.0,0.0
50696000000,50700000000,0.0,0.0,0.0,0.0
50700000000,51000000000,0.23265622,0.5049980000000001,0.0999972,0.29434699999999997
51000000000,51300000000,0.24365736,0.5049980000000001,0.10765130000000002,0.29434699999999997
51300000000,51600000000,0.11535797999999998,0.5049980000000001,0.10844119999999999,0.29434699999999997
51600000000,51900000000,0.09211380000000001,0.5049980000000001,0.09982320000000001,0.29434699999999997
51900000000,52200000000,0.09005223,0.5049980000000001,0.09289829999999999,0.29434699999999997
52200000000,52500000000,0.19816599000000001,0.5049980000000001,0.08598770000000003,0.29434699999999997
52315000000,52500000000,0.02356,0.0125,0.014280000000000001,0.0159
52350000000,52370000000,0.00028989999999999995,0.031835307734,0.0,0.033797409144499996
52370000000,52371000000,0.0,0.0,0.0,0.0
52387000000,52500000000,0.013669999999999998,0.0125,0.01009,0.0159
52500000000,52800000000,0.14251429,0.49251800000000007,0.0917079,0.28635700000000003
52800000000,53100000000,0.13598562,0.49251800000000007,0.0797856,0.28635700000000003
53100000000,53400000000,0.11517607000000002,0.49251800000000007,0.0799853,0.28635700000000003
53318000000,53387000000,0.0,0.03125,0.0,0.0015539999999999998
53387000000,53391000000,0.0195,0.03125,0.0005655,0.0015539999999999998
53391000000,53400000000,0.0028,0.03125,0.0,0.0015539999999999998
53400000000,53700000000,0.08333351,0.5163451473214287,0.0775939,0.287541876382
53407000000,53408000000,0.0,0.0,0.0,0.0
53700000000,54000000000,0.11159763,0.49251800000000007,0.0820318,0.28635700000000003
53719000000,53753000000,0.0,0.02499,0.0,0.02545
53753000000,54000000000,0.031560000000000005,0.02499,0.00824,0.02545
53818000000,53819000000,0.023469999999999998,0.13123,0.008685100000000001,0.09143
53819000000,53842000000,0.0034599,0.053392660326086964,3.9102e-05,0.06791546393478262
53820000000,53842000000,0.0007143,0.05825958744954545,0.0,0.010112569158636363
53842000000,53845000000,0.0,0.07738506666666667,0.0,0.09844652480000002
53869000000,54000000000,0.04858,0.02499,0.0053479999999999995,0.0318
54000000000,54300000000,0.18405407,0.4112680000000001,0.1022717,0.252177
54234000000,54248000000,0.0003881,0.019263650384999997,0.0,0.019618243389285715
54248000000,54249000000,0.0,0.0,0.0,0.0
54262000000,54300000000,0.01915,0.13746,0.004307,0.02386
54300000000,54600000000,0.23235792000000002,0.523738,0.1117817,0.250587
54600000000,54900000000,0.20968374,0.523738,0.1009118,0.250587
54615000000,54628000000,0.00027939999999999996,0.021303715488461536,0.0,0.02710916976923077
54628000000,54629000000,0.0,0.0,0.0,0.0
54873000000,54900000000,0.01436,0.06873,0.006828,0.01193
54880000000,54898000000,0.05151,0.06873,0.006393,0.01193
54898000000,54900000000,0.054689999999999996,0.06873,0.006393,0.01193
54900000000,55200000000,0.15453844,0.4987480000000001,0.0925348,0.21878699999999998
55081000000,55200000000,0.0553,0.06873,0.006706,0.01193
55200000000,55500000000,0.1853144,0.4987480000000001,0.0869518,0.21878699999999998
55500000000,55800000000,0.16270828999999998,0.4987480000000001,0.0829678,0.21878699999999998
55800000000,56100000000,0.17917291,0.4987480000000001,0.0822608,0.21878699999999998
56100000000,56400000000,0.18427872,0.4987480000000001,0.0824129,0.21878699999999998
56400000000,56700000000,0.15189849,0.4987480000000001,0.0828708,0.21878699999999998
56700000000,57000000000,0.18541057,0.4987480000000001,0.08296279999999999,0.21878699999999998
57000000000,57300000000,0.19184687,0.4987480000000001,0.0832439,0.21878699999999998
57300000000,57600000000,0.19407653,0.4987480000000001,0.0831697,0.21878699999999998
57346000000,57348000000,0.048,0.13746,0.012062,0.02386
57348000000,57361000000,0.0010042,0.11783207073923076,0.0,0.020453027846923075
57361000000,57363000000,0.0030440000000000003,0.23743999999999998,0.00042919999999999997,0.04455
57367000000,57379000000,0.00011630000000000001,0.07313002107,0.0,0.015133628085
57369000000,57600000000,0.02051,0.0125,0.010790000000000001,0.0159
57379000000,57380000000,0.0,0.0,0.0,0.0
57520000000,57600000000,0.04193,0.0625,0.00489,0.03961
57600000000,57900000000,0.12797818,0.436288,0.07836315369999998,0.25043699999999997
57875000000,57900000000,0.0,0.026525543829999998,0.0,0.0029109648620000003
57900000000,58200000000,0.054561830000000006,0.373788,0.05600190000000001,0.199597
57920000000,57921000000,0.0,0.0,0.0,0.0
57990000000,58025000000,0.0,0.06873,0.0,0.007751000000000002
58025000000,58050000000,0.001524,0.06873,0.001051,0.007751000000000003
58050000000,58063000000,0.00012590000000000002,0.05095338201923076,0.0,0.005746248567307694
58063000000,58064000000,0.0,0.0,0.0,0.0
58080000000,58200000000,0.04034,0.06873,0.008392,0.01193
58200000000,58500000000,0.14246423000000003,0.505018,0.095834,0.26236699999999996
58500000000,58800000000,0.13026693,0.505018,0.09471099999999999,0.26236699999999996
58800000000,59100000000,0.15233259999999998,0.505018,0.09665209999999999,0.26236699999999996
58845000000,58993000000,0.05042,0.06873,0.006599,0.01193
58993000000,59100000000,0.05042,0.06873,0.006096,0.01193
59100000000,59400000000,0.06646109,0.373788,0.068166,0.199597
59149000000,59400000000,0.0,0.06873,0.0,0.01193
59400000000,59700000000,0.10939185000000001,0.505018,0.08953009999999999,0.26236699999999996
59700000000,60000000000,0.11256526,0.505018,0.08784600000000001,0.26236699999999996
59745000000,60000000000,0.03802,0.06873,0.008942,0.01193
60000000000,60300000000,0.14800377,0.505018,0.09543709999999998,0.26236699999999996
60164000000,60300000000,0.04846,0.06873,0.006546,0.01193
60300000000,60600000000,0.15651095,0.505018,0.0930461,0.26236699999999996
60392000000,60600000000,0.046810000000000004,0.06873,0.006691,0.01193
60600000000,60900000000,0.11144773000000001,0.505018,0.0926352,0.26236699999999996
60900000000,61200000000,0.11382349,0.505018,0.09194820000000001,0.26236699999999996
61200000000,61500000000,0.10225931999999999,0.505018,0.09028819999999999,0.26236699999999996
61480000000,61500000000,0.0,0.0,0.0,0.01624
61500000000,61800000000,0.10447887,0.505018,0.0909982,0.27860699999999994
61519000000,61800000000,0.003181,0.0,0.009734999999999999,0.01624
61800000000,62100000000,0.11048288,0.505018,0.10503419999999998,0.27860699999999994
61830000000,61857000000,0.0,0.0125,0.0,0.01088
61857000000,61979000000,0.022369999999999998,0.0125,0.001297,0.01088
61979000000,61990000000,0.000205,0.009232376136363638,0.0,0.00803586018909091
61990000000,61991000000,0.0,0.0,0.0,0.0
62100000000,62400000000,0.11172018000000002,0.505018,0.1049653,0.27860699999999994
62400000000,62700000000,0.14385693,0.505018,0.10992519999999999,0.27860699999999994
62500000000,62523000000,0.0,0.0125,0.0,0.00795
62523000000,62534000000,0.0117,0.0125,0.002037,0.00795
62534000000,62549000000,0.0001774,0.0110668775,0.0,0.007038534090000001
62549000000,62550000000,0.0,0.0125,0.0,0.00795
62700000000,63000000000,0.18856759,0.505018,0.1183133,0.27860699999999994
63000000000,63300000000,0.16687445,0.505018,0.1184045,0.27860699999999994
63175000000,63300000000,0.03864,0.06873,0.006012,0.01193
63300000000,63600000000,0.18882534000000004,0.505018,0.1199954,0.27860699999999994
63600000000,63900000000,0.19165484,0.505018,0.1223792,0.27860699999999994
63860000000,63900000000,0.04602,0.06873,0.0064849999999999994,0.01193
63900000000,64200000000,0.17522378000000002,0.504039565625,0.12264439999999999,0.27845364410979995
64200000000,64500000000,0.16474698999999998,0.442518,0.1225835,0.26881099999999997
64206000000,64208000000,0.0002928,0.0,0.006821,0.0
64208000000,64225000000,0.0007849,0.0,0.0,0.0
64225000000,64226000000,0.0,0.0,0.0,0.0
64500000000,64800000000,0.15818793,0.442518,0.1151815,0.26881099999999997
64800000000,65100000000,0.15554303,0.442518,0.1150405,0.26881099999999997
64919000000,64966000000,0.03046,0.0625,0.01514,0.03961
64966000000,65100000000,0.0318,0.0625,0.015080000000000001,0.03961
65100000000,65400000000,0.16468559,0.442518,0.1153915,0.26881099999999997
65400000000,65700000000,0.16323803,0.442518,0.1157455,0.26881099999999997
65700000000,66000000000,0.14265247,0.442518,0.1151625,0.26881099999999997
66000000000,66300000000,0.15003773,0.442518,0.11453060000000001,0.26881099999999997
66091000000,66093000000,0.01697,0.06873,0.006012,0.01193
66093000000,66112000000,0.0004883,0.05528749359315789,0.0,0.009596679740526316
66112000000,66113000000,0.0,0.0125,0.0,0.02457
66177000000,66300000000,0.004837,0.0125,0.005157,0.02457
66300000000,66600000000,0.09708690999999998,0.386288,0.12099679999999999,0.27994419982666663
66342000000,66344000000,0.005447,0.0,0.0144,0.0
66344000000,66360000000,0.0005474,0.0,0.0,0.0
66360000000,66600000000,0.042660000000000003,0.06873,0.009705,0.01193
66372000000,66399000000,0.0,0.03125,0.0,0.003109
66399000000,66476000000,0.009826999999999999,0.03125,0.0008849999999999999,0.003109
66476000000,66497000000,0.00014969999999999998,0.016732995535714286,0.0,0.0016647322598571427
66497000000,66498000000,0.0,0.0,0.0,0.0
66600000000,66900000000,0.15292382000000002,0.45501800000000003,0.11381190000000001,0.27714099999999997
66900000000,67200000000,0.14730583,0.45501800000000003,0.11467080000000002,0.27714099999999997
66950000000,67009000000,0.0166,0.0625,0.0141,0.03961
67009000000,67200000000,0.015059999999999999,0.0625,0.014190000000000001,0.03961
67200000000,67500000000,0.15928959,0.45501800000000003,0.11691449999999999,0.27714099999999997
67219000000,67263000000,0.025910000000000002,0.0625,0.01427,0.03961
67263000000,67265000000,0.02554,0.0625,0.014280000000000001,0.03961
67265000000,67280000000,0.00119,0.050495470833333334,3.719e-05,0.032002009595333336
67280000000,67282000000,0.0032649999999999997,0.09998,0.00035,0.02069
67286000000,67300000000,0.0001135,0.07525540305142857,5.627e-05,0.015573457582857143
67300000000,67301000000,0.0,0.0,0.0,0.0
67320000000,67348000000,0.0,0.056270000000000014,0.0,0.0202
67348000000,67500000000,0.0002346,0.056270000000000014,0.001209,0.0202
67500000000,67800000000,0.15714954199999998,0.4487880000000001,0.10145939999999999,0.257731
67800000000,68100000000,0.20170473,0.4487880000000001,0.1086759,0.257731
68100000000,68400000000,0.17572247,0.4487880000000001,0.1113175,0.257731
68400000000,68700000000,0.19797627,0.4487880000000001,0.10974969999999998,0.257731
68451000000,68466000000,5.722e-05,0.05042942909066669,0.0,0.009589388506666666
68466000000,68467000000,0.0,0.056270000000000014,0.0,0.0107
68700000000,69000000000,0.14360626,0.39251800000000003,0.09814669999999999,0.247031
69000000000,69300000000,0.12144242,0.39251800000000003,0.0946497,0.247031
69300000000,69600000000,0.10746556999999998,0.39251800000000003,0.09121480000000001,0.247031
69600000000,69900000000,0.13805126,0.39251800000000003,0.09099100000000002,0.247031
69900000000,70200000000,0.13678781,0.39251800000000003,0.09129989999999999,0.247031
69930000000,69991000000,0.0,0.0625,0.0,0.0159
69991000000,70143000000,0.008971999999999999,0.0625,0.003254,0.0159
70143000000,70162000000,0.00014969999999999998,0.034048947368421054,0.0,0.008662052210526315
70162000000,70164000000,0.0,0.0,0.0,0.0
70198000000,70200000000,0.0,0.0625,0.0,0.0159
70200000000,70500000000,0.14265111,0.45501800000000003,0.091804,0.262931
70223000000,70245000000,0.0032770000000000004,0.0625,0.002098,0.0159
70245000000,70258000000,0.00018790000000000001,0.05051320192307692,0.0,0.01285055856923077
70258000000,70260000000,0.03149,0.06873,0.006218,0.01193
70260000000,70278000000,0.0004168,0.045829675656666666,0.0,0.007955012812222221
70278000000,70280000000,0.04425,0.19996,0.009613,0.039760000000000004
70297000000,70333000000,0.002411,0.0625,0.0023769999999999998,0.0159
70333000000,70347000000,0.00012209999999999999,0.05322979464285714,0.0,0.013541659757142858
70347000000,70348000000,0.0,0.0,0.0,0.0
70500000000,70800000000,0.13853641000000003,0.39251800000000003,0.0934829,0.247031
70564000000,70579000000,0.0,0.0625,0.0,0.0159
70579000000,70800000000,0.004272,0.0625,0.002682,0.0159
70742000000,70744000000,0.06337999999999999,0.125,0.017292,0.03213
70744000000,70762000000,0.0071779,0.10295647637555556,2.098e-05,0.026463928863333333
70762000000,70764000000,0.0,0.0625,0.0,0.03107
70800000000,71100000000,0.05281405,0.3865064350649351,0.08163899999999999,0.25888253083948054
70906000000,70912000000,0.0009804,0.0625,0.001621,0.0159
70912000000,70933000000,0.0001488,0.047978678571428575,0.0,0.012205775828571429
70933000000,70934000000,0.0,0.0,0.0,0.0
70954000000,71031000000,0.0,0.06197421311363637,0.0,0.0192827038
71031000000,71033000000,0.0,0.0625,0.0,0.03107
71078000000,71100000000,0.0026780000000000003,0.13123,0.001797,0.039356
71100000000,71400000000,0.07955373999999998,0.39874800000000005,0.08336889999999998,0.254257
71166000000,71188000000,0.0001097,0.053848105113636364,0.0,0.02676897001409091
71188000000,71189000000,0.0,0.0,0.0,0.0
71248000000,71377000000,0.001396,0.06873,0.001289,0.008286
71287000000,71400000000,0.0,0.0625,0.0,0.0318
71377000000,71400000000,7.057e-05,0.06873,0.0,0.008286
71400000000,71700000000,0.05380935,0.3324129419716391,0.07852599999999998,0.24601052566760595
71412000000,71413000000,0.0,0.0,0.0,0.0
71551000000,71552000000,0.0,0.0,0.0,0.0
71571000000,71591000000,0.023280000000000002,0.06873,0.003113,0.01193
71591000000,71592000000,0.02255,0.06873,0.007523,0.01193
71593000000,71614000000,0.0002174,0.05501181274,0.0,0.009548827673333333
71614000000,71615000000,0.0,0.0625,0.0,0.03107
71634000000,71700000000,0.008636,0.075,0.005531,0.03696
71659000000,71700000000,0.009705,0.0125,0.001064,0.00589
71700000000,72000000000,0.053837159999999995,0.34251800000000004,0.08348400000000002,0.251861
71745000000,71766000000,2.48e-05,0.0425515625,0.0,0.02115323275
71766000000,71767000000,0.0,0.0,0.0,0.0
71787000000,71824000000,0.040530000000000004,0.11973456886486486,0.009445,0.027799600345945946
71824000000,71826000000,0.020569999999999998,0.0125,0.001263,0.00589
71828000000,71847000000,0.001591,0.01028810657894737,0.0,0.004847755820000001
71847000000,71849000000,0.0,0.0690932625,0.0,0.03417674529
71868000000,71945000000,0.0008574,0.0625,0.0025329999999999997,0.03107
71945000000,71957000000,0.00023940000000000002,0.053860338541666664,0.0,0.026775051495833334
71957000000,71958000000,0.0,0.0,0.0,0.0
71977000000,72000000000,0.05017,0.0125,0.007195,0.0159
72000000000,72300000000,0.10398568,0.37999800000000006,0.10339640000000001,0.258781
72300000000,72600000000,0.12086484,0.37999800000000006,0.09314810000000001,0.258781
72376000000,72415000000,0.0,0.0125,0.0,0.004662
72415000000,72600000000,0.01248,0.0125,0.0025329999999999997,0.004662
72600000000,72900000000,0.11338813,0.39067999017857147,0.0930854,0.262764955057
72614000000,72615000000,0.0,0.0,0.0,0.0
72634000000,72714000000,0.0,0.056270000000000014,0.0,0.0202
72714000000,72900000000,0.00018219999999999998,0.05627000000000001,0.001085,0.0202
72900000000,73200000000,0.10617724199999999,0.4362680000000001,0.09256499999999998,0.278981
73200000000,73500000000,0.08865517999999999,0.4050180000000001,0.0928098,0.26293099999999997
73273000000,73296000000,0.0,0.0625,0.0,0.0159
73296000000,73331000000,0.006423999999999999,0.0625,0.002495,0.0159
73331000000,73346000000,0.0002031,0.05198411666666666,0.0,0.01322475928
73346000000,73347000000,0.0,0.0,0.0,0.0
73366000000,73368000000,0.0552705,0.18756956567,0.0117179,0.06600414655294116
73368000000,73383000000,0.0009985,0.069836471192,0.0,0.024137652912
73378000000,73383000000,0.005142,0.03212035651200001,0.0,0.011530677119999999
73383000000,73385000000,0.0,0.10998811262000002,0.0,0.0508966212
73391000000,73400000000,0.0,0.06873,0.0,0.04773
73400000000,73500000000,0.002163,0.06873,0.0015220000000000001,0.04773
73500000000,73800000000,0.05504672999999999,0.33624800000000005,0.08535699999999999,0.262631
73675000000,73692000000,0.0004138999999999999,0.055901290794705884,0.0,0.038821018618235295
73692000000,73693000000,0.0,0.0,0.0,0.0
73714000000,73779000000,0.03937,0.06873,0.006981,0.01193
73739000000,73800000000,0.0,0.03125,0.0,0.007767
73779000000,73781000000,0.0002928,0.06873,0.009537,0.01193
73781000000,73800000000,0.00021840000000000002,0.06413753374736841,0.0,0.011132849957894736
73800000000,74100000000,0.027696020000000002,0.29876800000000003,0.08368279999999999,0.222668
73802000000,73803000000,0.0,0.0625,0.0,0.03107
73813000000,74022000000,0.003532,0.03125,0.003098,0.007767
73822000000,73862000000,0.001547,0.0625,0.0023769999999999998,0.03107
73862000000,73881000000,0.0001335,0.05244586842105263,0.0,0.026071890109473684
73881000000,73882000000,0.0,0.0,0.0,0.0
73901000000,74100000000,0.0,0.07189999999999999,0.0,0.036739999999999995
73949000000,74100000000,0.01038,0.04065,0.001184,0.02069
74022000000,74042000000,0.0001392,0.02707934375,0.0,0.006730408413
74042000000,74043000000,0.0,0.0,0.0,0.0
74100000000,74400000000,0.03445107,0.33941800000000005,0.08453820000000001,0.251641
74241000000,74332000000,0.0,0.03125,0.0,0.009323
74332000000,74400000000,0.035339999999999996,0.03125,0.004723,0.009323
74399000000,74400000000,0.0,0.015619999999999997,0.0,0.015
74400000000,74700000000,0.10419483999999998,0.386288,0.0916166,0.275964
74466000000,74489000000,0.0531,0.015619999999999997,0.0012699999999999999,0.015
74489000000,74491000000,0.0076749999999999995,0.056269999999999994,0.00317,0.03569
74491000000,74508000000,0.00042439999999999996,0.012622239921176467,0.0,0.012121229117647058
74493000000,74508000000,0.000618,0.03180835671,0.0,0.016189788445999997
74508000000,74509000000,0.0,0.0625,0.0,0.03107
74528000000,74578000000,0.004333,0.0625,0.0033799999999999998,0.03107
74578000000,74590000000,0.0003176,0.049974036458333336,0.0,0.024843093004166667
74590000000,74592000000,0.0,0.0,0.0,0.0
74698000000,74700000000,0.0,0.0625,0.0,0.03107
74700000000,75000000000,0.24293582000000002,0.39251800000000003,0.0941066,0.27134400000000003
74717000000,74859000000,0.0005646,0.0625,0.00238,0.03107
74859000000,74873000000,0.00022789999999999998,0.05548808928571428,0.0,0.027584238945714285
74873000000,74875000000,0.0,0.0,0.0,0.0
75000000000,75300000000,0.23249557,0.33001800000000003,0.0956328,0.24027400000000002
75080000000,75135000000,0.0,0.125,0.0,0.03339
75135000000,75300000000,0.006638,0.125,0.01445,0.03339
75300000000,75600000000,0.02921219,0.4438637741935484,0.11266379999999998,0.27068448320258065
75311000000,75331000000,0.001041,0.026927725,0.0,0.0080335097656
75331000000,75333000000,0.00238,0.0625,0.01813,0.03107
75333000000,75351000000,0.0005121,0.0,0.0,0.0
75351000000,75353000000,0.003834,0.020427099264705883,0.003906,0.010154719586470589
75402000000,75580000000,0.001438,0.07495,0.006423999999999999,0.02332
75404000000,75423000000,0.0020559999999999997,0.0,0.000349,0.0
75423000000,75425000000,0.0,0.0,0.0,0.0
75517000000,75600000000,0.04181,0.06873,0.00824,0.01193
75580000000,75600000000,0.015119999999999998,0.07495,0.0032119999999999996,0.02332
75600000000,75900000000,0.0734346,0.442448,0.1002269,0.266201
75872000000,75900000000,0.0,0.035025814864285715,0.0,0.00427680684
75900000000,76200000000,0.07189528,0.442448,0.09061589999999999,0.266201
75908000000,75910000000,0.0,0.06873,0.0,0.01193
75910000000,76200000000,0.04767,0.06873,0.009567,0.01193
76052000000,76200000000,2.956e-05,0.07495,0.0005808,0.02332
76200000000,76500000000,0.12992022,0.511178,0.0975938,0.278131
76500000000,76800000000,0.11427430999999999,0.511178,0.0972522,0.278131
76681000000,76683000000,0.05902104,0.21241,0.014002,0.04718
76683000000,76701000000,0.0009203600000000001,0.18396768959166668,0.0,0.04025918711555555
76701000000,76703000000,0.0,0.20618999999999998,0.0,0.07159
76716000000,76800000000,0.001125,0.06873,0.001625,0.04773
76800000000,77100000000,0.018080099999999998,0.36749800000000005,0.0823298,0.278681
76819000000,76831000000,0.0003376,0.05409534401,0.0,0.037566867010000005
76831000000,76832000000,0.0,0.0,0.0,0.0
76847000000,77100000000,0.0,0.0625,0.0,0.0159
77100000000,77400000000,0.017436389999999996,0.39251800000000003,0.0801448,0.262901
77103000000,77291000000,0.04437,0.06873,0.009674,0.01193
77291000000,77293000000,0.032601,0.14373,0.0115718,0.043730000000000005
77293000000,77308000000,0.0009594,0.07000308912333333,0.0,0.024167201096666667
77308000000,77310000000,0.0,0.075,0.0,0.0318
77349000000,77400000000,0.0056,0.125,0.0032040000000000003,0.0318
77400000000,77700000000,0.02964521,0.4964864666666667,0.0834388,0.27663057792
77415000000,77416000000,0.0,0.0,0.0,0.0
77435000000,77511000000,0.0,0.056270000000000014,0.0,0.0202
77511000000,77683000000,0.043089999999999996,0.05627000000000001,0.0061649999999999995,0.0202
77589000000,77608000000,0.0001307,0.055479,0.0,0.014113857600000002
77608000000,77609000000,0.0,0.0,0.0,0.0
77630000000,77673000000,0.03912,0.06873,0.005974,0.01193
77663000000,77700000000,0.0,0.009369,0.0,0.004005
77673000000,77675000000,0.02563,0.06873,0.008911,0.01193
77675000000,77700000000,0.00019169999999999997,0.06873,0.0,0.01193
77683000000,77693000000,0.04456,0.056270000000000014,0.008606,0.0202
77693000000,77700000000,0.002293,0.056270000000000014,9.632e-05,0.0202
77700000000,78000000000,0.06953743,0.2985633375400001,0.08430279999999998,0.21179069727400002
77705000000,77707000000,0.0,0.1196583719512195,0.0,0.030441089824390248
77713000000,77744000000,0.001131,0.007770287137935484,0.0017699999999999999,0.0033215924845161286
77744000000,77746000000,0.010620000000000001,0.0,0.0021100000000000003,0.0
77746000000,77764000000,0.004274630000000001,0.0625,0.0028309100000000003,0.0159
77764000000,77766000000,0.003952000000000001,0.056270000000000014,0.0017829999999999999,0.0202
77766000000,77934000000,0.0020061,0.056270000000000014,0.0012738,0.0202
77781000000,77782000000,0.0,0.0,0.0,0.0
77835000000,77850000000,0.0001726,0.030556691666666667,0.0,0.00777362236
77850000000,77934000000,0.03955,0.06873,0.0076370000000000006,0.01193
77934000000,77936000000,0.023448999999999998,0.125,0.010876299999999998,0.03213
77936000000,77954000000,0.0010166,0.1123481666666667,0.0,0.028877972759999995
77954000000,77955000000,0.0,0.125,0.0,0.03213
77961000000,78000000000,0.03485,0.06873,0.005386,0.01193
78000000000,78300000000,0.09673696000000001,0.32374800000000004,0.09458279999999998,0.210931
78125000000,78127000000,0.02988,0.06873,0.010440000000000001,0.01193
78127000000,78150000000,0.0004091,0.05837102037652174,0.0,0.010131911437391304
78150000000,78151000000,0.0,0.0625,0.0,0.0159
78171000000,78222000000,0.002048,0.0625,0.002487,0.0159
78222000000,78237000000,0.000206,0.04450535,0.0,0.01132216104
78237000000,78238000000,0.0,0.0,0.0,0.0
78255000000,78300000000,0.03735,0.06873,0.006256,0.01193
78300000000,78600000000,0.08501486000000001,0.44874800000000004,0.0946436,0.246091
78391000000,78436000000,0.0,0.03125,0.0,0.01398
78436000000,78478000000,0.01898,0.03125,0.004021,0.01398
78478000000,78495000000,0.0001974,0.02524466911764706,0.0,0.011293455176470587
78495000000,78496000000,0.0,0.0,0.0,0.0
78516000000,78552000000,0.0,0.04761,0.0,0.01419
78552000000,78600000000,0.01831,0.04761,0.001139,0.01419
78600000000,78900000000,0.15579362000000002,0.496358,0.0961657,0.260281
78900000000,79200000000,0.14964053,0.496358,0.09581540000000001,0.260281
79200000000,79500000000,0.14333328,0.496358,0.09434640000000001,0.260281
79500000000,79800000000,0.13812577,0.496358,0.0951055,0.260281
79800000000,80100000000,0.11662054000000001,0.496358,0.0938006,0.260281
80048000000,80100000000,0.05396,0.0125,0.01083,0.0159
80100000000,80400000000,0.14123239999999998,0.508858,0.1045046,0.27618099999999995
80310000000,80312000000,0.0285575,0.08123,0.009441000000000001,0.02783
80312000000,80330000000,0.0010538000000000001,0.07063128802999999,0.0,0.02419880918555556
80330000000,80333000000,0.0,0.0625,0.0,0.03107
80400000000,80700000000,0.056553530000000005,0.46409556473214286,0.08275950000000001,0.2664797557796429
80456000000,80458000000,0.0,0.06873,0.0,0.01193
80458000000,80509000000,0.03375,0.06873,0.00621,0.01193
80509000000,80511000000,0.020569999999999998,0.06873,0.009811,0.01193
80511000000,80529000000,0.0003147,0.057935140195,0.0,0.010056252328333333
80529000000,80530000000,0.0,0.0625,0.0,0.03107
80700000000,81000000000,0.046043879999999995,0.490128,0.0773914,0.27942100000000003
80809000000,80886000000,0.0009298,0.0625,0.00259,0.03107
80886000000,80901000000,0.0001564,0.05701118333333333,0.0,0.028341399458666667
80901000000,80903000000,0.0,0.0,0.0,0.0
80918000000,81000000000,0.0,0.0625,0.0,0.0318
81000000000,81300000000,0.04730663,0.490128,0.07284840000000001,0.28015100000000004
81006000000,81057000000,0.001217,0.043382654411764705,0.0023350000000000003,0.02207309456470588
81057000000,81059000000,2.956e-05,0.0,0.0027429999999999998,0.0
81059000000,81076000000,0.000843,0.0,0.0002699,0.0
81062000000,81076000000,0.0002699,0.03963699815142857,2.861e-05,0.011813673677142858
81076000000,81079000000,0.0,0.0625,0.0,0.0318
81107000000,81221000000,0.026860000000000002,0.0625,0.005028,0.0318
81161000000,81300000000,0.041319999999999996,0.06873,0.008942,0.01193
81221000000,81223000000,0.035519999999999996,0.0625,0.008453,0.0318
81223000000,81239000000,0.007011,0.05199342578125,0.0,0.026454255037500003
81239000000,81241000000,0.0,0.0625,0.0,0.03107
81258000000,81286000000,0.004036,0.0625,0.0033,0.03107
81286000000,81300000000,0.0002832,0.05591837946428571,0.0,0.027798144799285714
81293000000,81300000000,0.0,0.04999,0.0,0.006104
81300000000,81600000000,0.048146520000000005,0.498738,0.08029839999999998,0.252195
81303000000,81304000000,0.0,0.0,0.0,0.0
81365000000,81367000000,0.023219999999999998,0.06873,0.01082,0.01193
81367000000,81383000000,0.0007439,0.05403550022625,0.0,0.00937936152625
81383000000,81384000000,0.0,0.0625,0.0,0.03107
81394000000,81600000000,0.03845,0.06873,0.009018,0.01193
81404000000,81487000000,0.0009699,0.0625,0.002441,0.03107
81487000000,81510000000,8.774e-05,0.03291604347826087,0.0,0.016363223533913042
81510000000,81513000000,0.0,0.0,0.0,0.0
81547000000,81564000000,0.0,0.0625,0.0,0.0318
81564000000,81600000000,0.024630000000000003,0.0625,0.002785,0.0318
81600000000,81900000000,0.09092853000000001,0.561238,0.0842584,0.283995
81612000000,81900000000,0.0002985,0.04999,0.0007324,0.006104
81685000000,81702000000,0.00026230000000000003,0.038445488970588235,0.0,0.019561064788235296
81702000000,81703000000,0.0,0.0,0.0,0.0
81735000000,81760000000,0.0,0.0625,0.0,0.0318
81760000000,81900000000,0.02188,0.0625,0.003975,0.0318
81900000000,82200000000,0.06797679000000001,0.511248,0.08114619999999999,0.277891
81913000000,81931000000,0.0002222,0.052361576388888886,0.0,0.02664157006666667
81931000000,81932000000,0.0,0.0625,0.0,0.03107
81951000000,81991000000,0.004837,0.0625,0.004089,0.03107
81991000000,82020000000,0.0001383,0.04230294396551724,0.0,0.021029639504137932
82020000000,82093000000,0.001326,0.0625,0.0026089999999999998,0.0318
82093000000,82104000000,6.579999999999999e-05,0.04963669318181818,0.0,0.02525514949090909
82104000000,82106000000,0.0,0.0,0.0,0.0
82120000000,82168000000,0.0017050000000000001,0.0625,0.002327,0.0318
82168000000,82186000000,0.00017069999999999998,0.03168188888888889,0.0,0.01611974506666667
82186000000,82187000000,0.0,0.0625,0.0,0.03107
82200000000,82500000000,0.07316333,0.511248,0.07735339999999999,0.277161
82203000000,82293000000,0.0007982,0.0625,0.002575,0.03107
82293000000,82306000000,0.0001564,0.0461136875,0.0,0.02292403633
82306000000,82307000000,0.0,0.0,0.0,0.0
82321000000,82339000000,0.0,0.0625,0.0,0.0318
82339000000,82412000000,0.03827,0.0625,0.004967,0.0318
82412000000,82432000000,0.0001736,0.053002046875,0.0,0.02696744145
82432000000,82433000000,0.0,0.0,0.0,0.0
82446000000,82462000000,0.003757,0.0396506875,0.001507,0.020174269800000002
82462000000,82464000000,2.003e-05,0.0,0.002682,0.0
82464000000,82479000000,0.00148,0.0,0.0001926,0.0
82479000000,82481000000,0.0,0.0,0.0,0.0
82496000000,82500000000,0.0,0.0625,0.0,0.0318
82500000000,82800000000,0.07498040000000002,0.511248,0.0782513,0.277891
82520000000,82645000000,0.02094,0.0625,0.004189,0.0318
82645000000,82663000000,0.0002537,0.056976385416666664,0.0,0.028989584900000004
82663000000,82664000000,0.0,0.0,0.0,0.0
82680000000,82779000000,0.001003,0.0625,0.002579,0.0318
82779000000,82795000000,0.0002174,0.034500890625,0.0,0.01755405315
82795000000,82796000000,0.0,0.0,0.0,0.0
82796000000,82800000000,0.0,0.0,0.0,0.0
82800000000,83100000000,0.08272423,0.44874800000000004,0.0844413,0.246091
82827000000,82841000000,0.0,0.0625,0.0,0.0318
82841000000,82888000000,0.01712,0.0625,0.00293,0.0318
82888000000,82904000000,0.0002985,0.0511009140625,0.0,0.026000145075
82904000000,82905000000,0.0,0.0,0.0,0.0
82927000000,83015000000,0.08075,0.08123,0.019967,0.02783
83015000000,83020000000,0.04758,0.08123,0.026227,0.02783
83017000000,83034000000,0.0003319,0.05828726083058824,0.0,0.010117372642352941
83020000000,83034000000,0.0002108,0.010193798214285716,0.0,0.01296651132857143
83034000000,83037000000,0.0,0.065089075,0.0,0.0343633034
83054000000,83100000000,0.0061189999999999994,0.0625,0.004364,0.03107
83100000000,83400000000,0.08332312,0.511248,0.09866659999999998,0.277161
83111000000,83130000000,0.0002575,0.05156912828947369,0.0,0.02563604505526316
83130000000,83131000000,0.0,0.0,0.0,0.0
83145000000,83181000000,0.0,0.056270000000000014,0.0,0.0202
83181000000,83319000000,0.0002251,0.056270000000000014,0.001322,0.0202
83319000000,83321000000,0.006371,0.056270000000000014,0.0008631,0.0202
83321000000,83336000000,0.0002251,0.046668709921333346,0.0,0.016753295546666668
83336000000,83337000000,0.0,0.0625,0.0,0.03107
83356000000,83388000000,0.002094,0.0625,0.002254,0.03107
83388000000,83400000000,0.0002298,0.0625,0.0,0.03107
83400000000,83700000000,0.09138642,0.47506431250000003,0.0919809,0.25917336527
83403000000,83404000000,0.0,0.0,0.0,0.0
83421000000,83700000000,0.03098,0.056270000000000014,0.004852,0.0202
83700000000,84000000000,0.14521197,0.5050180000000001,0.10069320000000001,0.266291
83990000000,84000000000,0.05414,0.0125,0.003117,0.0159
84000000000,84300000000,0.15894265,0.5175179999999999,0.1104273,0.28219099999999997
84300000000,84600000000,0.14483112,0.5175179999999999,0.10262569999999999,0.28219099999999997
84600000000,84900000000,0.15500138,0.5175179999999999,0.10212869999999999,0.28219099999999997
84900000000,85200000000,0.14627177000000002,0.5175179999999999,0.10258949999999999,0.28219099999999997
85200000000,85500000000,0.15259033000000002,0.5175179999999999,0.1021236,0.28219099999999997
85500000000,85800000000,0.12521474,0.5175179999999999,0.10051869999999999,0.28219099999999997
85511000000,85800000000,0.0004492,0.0125,0.001482,0.007767
85800000000,86100000000,0.11996469999999998,0.530018,0.09800880000000001,0.289958
86100000000,86400000000,0.12066494999999999,0.530018,0.09366090000000002,0.289958
86392000000,86394000000,0.03217,0.056270000000000014,0.01089,0.0202
86394000000,86400000000,0.02188,0.05627000000000001,0.0,0.0202
